date,amount,balance
6/11/2019,-6.006,2792.013
6/11/2019,-2.3058,2786.007
6/11/2019,-46.2378,2783.7012
6/9/2019,-71.3916,2737.4634
6/9/2019,-56.7,2666.0718
6/7/2019,-1.6884,2609.3718
6/8/2019,-2.0244,2607.6834
6/9/2019,-6.7284,2605.659
6/9/2019,-6.0018,2598.9306
6/8/2019,-20.4036,2592.9288
6/7/2019,-88.2,2572.5252
6/9/2019,-88.3218,2484.3252
6/7/2019,-1.365,2396.0034
6/7/2019,-11.403,2394.6384
6/8/2019,-0.4158,2383.2354
6/8/2019,-40.1688,2382.8196
6/7/2019,-25.2,2342.6508
6/6/2019,-24.171,2317.4508
6/6/2019,-26.6994,2293.2798
6/6/2019,-18.4716,2266.5804
6/6/2019,-62.16,2248.1088
6/6/2019,-37.8,2185.9488
6/4/2019,-35.7,2148.1488
6/5/2019,-26.0274,2112.4488
6/5/2019,-64.26,2086.4214
6/5/2019,-10.8696,2022.1614
6/4/2019,-1.827,2011.2918
6/4/2019,-1.8732,2009.4648
6/4/2019,-0.651,2007.5916
6/3/2019,-1.8732,2006.9406
6/3/2019,-19.7694,2005.0674
6/2/2019,-23.5998,1985.298
6/3/2019,-4.62,1961.6982
6/3/2019,-12.6,2005.0674
6/3/2019,-13.86,1992.4674
6/1/2019,-1618.47,1978.6074
6/2/2019,-46.2294,360.1374
6/2/2019,-10.5,313.908
6/1/2019,-8.4,303.408
6/1/2019,-21,295.008
6/2/2019,-5.04,274.008
6/1/2019,-15.4518,268.968
5/31/2019,-23.793,253.5162
6/3/2019,-6.9132,229.7232
6/2/2019,-58.7034,222.81
6/2/2019,-30.0342,164.1066
6/1/2019,-4.3806,134.0724
6/1/2019,-6.72,129.6918
5/31/2019,-13.44,122.9718
5/31/2019,-4.368,109.5318
5/31/2019,-5.5734,105.1638
5/31/2019,-2.772,99.5904
5/31/2019,-0.651,96.8184
5/31/2019,-0.924,96.1674
5/31/2019,-6.1446,47.2542
5/30/2019,-2.016,41.1096
5/31/2019,2337.51,39.0936
5/29/2019,-25.4394,2376.6036
5/30/2019,-6.3,2351.1642
5/28/2019,-6.7032,2344.8642
5/29/2019,-0.651,2338.161
5/28/2019,-205.716,2337.51
5/28/2019,-496.9734,2131.794
5/28/2019,-8.4,1634.8206
5/29/2019,-16.7958,1626.4206
5/29/2019,-1.7346,1609.6248
5/29/2019,-3.8556,1607.8902
5/29/2019,-3.57,1604.0346
5/29/2019,-7.392,1600.4646
5/27/2019,-50.4,1593.0726
5/27/2019,-5.04,1542.6726
5/27/2019,-18.48,1537.6326
5/28/2019,-10.185,1519.1526
5/27/2019,-10.5,1508.9676
5/27/2019,-8.4,1498.4676
5/27/2019,-27.216,1490.0676
5/28/2019,-2.9568,1462.8516
5/28/2019,-8.1858,1459.8948
5/26/2019,-5.04,1451.709
5/26/2019,-16.758,1446.669
5/27/2019,-0.84,1429.911
5/27/2019,-116.76,1429.071
5/27/2019,-4.3638,1312.311
5/26/2019,-8.4,1307.9472
5/26/2019,-7.9338,1299.5472
5/27/2019,-19.0386,1291.6134
5/26/2019,-38.64,1272.5748
5/26/2019,-4.326,1233.9348
5/25/2019,18.9,1229.6088
5/26/2019,-8.4,1248.5088
5/25/2019,-2.52,1240.1088
5/25/2019,-2.31,1237.5888
5/24/2019,-2.94,1235.2788
5/26/2019,-11.3106,1232.3388
5/25/2019,-63.6972,1221.0282
5/26/2019,-28.56,1157.331
5/24/2019,-42,1128.771
5/23/2019,-16.8,1086.771
5/25/2019,-2.52,1069.971
5/25/2019,-0.84,1067.451
5/25/2019,-1.47,1066.611
5/25/2019,-42,1065.141
5/25/2019,-8.4,1023.141
5/25/2019,-50.5764,1014.741
5/26/2019,-10.6218,964.1646
5/25/2019,-4.7166,953.5428
5/26/2019,-21.6846,948.8262
5/25/2019,-6.5184,927.1416
5/25/2019,-22.659,920.6232
5/24/2019,-3.36,897.9642
5/24/2019,-3.4482,894.6042
5/23/2019,-18.48,891.156
5/23/2019,-58.8,872.676
5/24/2019,-11.9616,813.876
5/24/2019,-18.9,801.9144
5/23/2019,-5.0358,783.0144
5/24/2019,-6.93,777.9786
5/24/2019,-5.439,771.0486
5/24/2019,-4.41,765.6096
5/23/2019,-6.9258,761.1996
5/22/2019,-26.7456,754.2738
5/22/2019,-10.7226,727.5282
5/24/2019,-5.88,716.8056
5/23/2019,-6.3,710.9256
5/23/2019,-0.84,704.6256
5/22/2019,-2.1966,703.7856
5/22/2019,-1.8732,701.589
5/22/2019,-0.924,699.7158
5/22/2019,-6.5184,698.7918
5/21/2019,-2.1966,692.2734
5/21/2019,-18.9,690.0768
5/21/2019,-1.8732,671.1768
5/21/2019,-0.651,669.3036
5/21/2019,-0.924,668.6526
5/21/2019,-24.36,667.7286
5/22/2019,-6.573,643.3686
5/21/2019,-3.15,636.7956
5/20/2019,-5.04,633.6456
5/20/2019,-1.8732,628.6056
5/20/2019,-0.924,626.7324
5/20/2019,-6.5226,625.8084
5/19/2019,-11.3358,619.2858
5/21/2019,-5.3592,607.95
5/19/2019,-27.3,602.5908
5/19/2019,-39.9,575.2908
5/19/2019,-1.8018,535.3908
5/18/2019,-1.8018,533.589
5/18/2019,-14.2212,531.7872
5/18/2019,-19.383,517.566
5/19/2019,-3.696,498.183
5/19/2019,-18.0348,494.487
5/18/2019,-4.3512,476.4522
5/16/2019,-3.276,472.101
5/17/2019,-1.2012,468.825
5/17/2019,-2.772,467.6238
5/16/2019,-40.32,464.8518
5/17/2019,-11.9238,424.5318
5/17/2019,-3.78,412.608
5/17/2019,-4.6158,408.828
5/17/2019,-3.8682,404.2122
5/16/2019,23.121,400.344
5/16/2019,947.961,423.465
5/15/2019,-23.94,1371.426
5/16/2019,-56.7,1347.486
5/16/2019,-42,1290.786
5/15/2019,-2.772,1248.786
5/15/2019,-0.651,1246.014
5/15/2019,-4.7586,1245.363
5/15/2019,-5.0652,1240.6044
5/15/2019,-5.3214,1235.5392
5/15/2019,3360,1230.2178
5/14/2019,-3.3264,4590.2178
5/13/2019,-9.6096,4586.8914
5/14/2019,-3.57,4577.2818
5/13/2019,-5.8674,4573.7118
5/12/2019,-19.4544,4567.8444
5/12/2019,-1.827,4548.39
5/12/2019,-1.05,4546.563
5/12/2019,-9.4668,4545.513
5/11/2019,-18.4338,4536.0462
5/12/2019,-56.7,4517.6124
5/12/2019,-29.1354,4460.9124
5/12/2019,-6.3546,4431.777
5/12/2019,-9.2442,4425.4224
5/12/2019,-3.3852,4416.1782
5/12/2019,-947.961,4412.793
5/12/2019,-5.922,3464.832
5/12/2019,-6.93,3458.91
5/12/2019,-88.7292,3451.98
5/11/2019,-19.4208,3363.2508
5/10/2019,-4.2546,3343.83
5/9/2019,-2.2344,3339.5754
5/10/2019,-1.8732,3337.341
5/10/2019,-2.7972,3335.4678
5/10/2019,27.741,3332.6706
5/10/2019,-4.2378,3360.4116
5/9/2019,-5.25,3356.1738
5/10/2019,-63,3350.9238
5/10/2019,-17.2452,3287.9238
5/9/2019,-7.98,3270.6786
5/9/2019,-2.1252,3262.6986
5/9/2019,-0.924,3260.5734
5/9/2019,-69.3,3259.6494
5/8/2019,-26.103,3190.3494
5/8/2019,-1.2726,3164.2464
5/8/2019,-33.6798,3162.9738
5/9/2019,-0.4158,3129.294
5/8/2019,-1.827,3128.8782
5/8/2019,-2.1252,3127.0512
5/9/2019,23.1168,3124.926
5/7/2019,-2.2932,3148.0428
5/8/2019,-5.5524,3145.7496
5/7/2019,-2.1252,3140.1972
5/7/2019,-0.651,3138.072
5/7/2019,-0.924,3137.421
5/7/2019,-10.479,3136.497
5/7/2019,-63,3126.018
5/7/2019,-50.4,3063.018
5/7/2019,-3.15,3012.618
5/5/2019,-28.56,3009.468
5/6/2019,-1.5708,2980.908
5/6/2019,-2.772,2979.3372
5/6/2019,-0.924,2976.5652
5/6/2019,-3.78,4921.9212
5/6/2019,-46.2,4918.1412
5/6/2019,-15.12,4871.9412
5/5/2019,-23.1,4856.8212
5/6/2019,1946.28,2975.6412
5/4/2019,-1.1088,4833.7212
5/4/2019,-430.1766,4832.6124
5/4/2019,-9.6726,4402.4358
5/4/2019,-3.7254,4392.7632
5/4/2019,-6.048,4389.0378
5/4/2019,-4.2,4382.9898
5/3/2019,-12.6,4378.7898
5/3/2019,-1.785,4366.1898
5/3/2019,-2.31,4364.4048
5/1/2019,-132.9678,4362.0948
5/1/2019,-132.9678,4229.127
5/3/2019,-23.52,4096.1592
5/2/2019,-0.3654,4072.6392
5/2/2019,-0.4914,4072.2738
5/2/2019,-45.1038,4071.7824
5/3/2019,-4.62,4026.6786
5/2/2019,-2.1966,4022.0586
5/1/2019,-44.1,4019.862
5/1/2019,-10.5,3975.762
5/2/2019,-155.7738,3965.262
5/2/2019,-37.8588,3809.4882
5/2/2019,-3.696,3771.6294
5/1/2019,-1.8144,3767.9334
5/1/2019,-0.735,3766.119
5/3/2019,-92.4714,3765.384
5/2/2019,-11.5542,3672.9126
5/1/2019,-1.827,3661.3584
5/2/2019,-755.58,3659.5314
5/1/2019,-8.0472,2903.9514
5/1/2019,-29.589,2895.9042
5/1/2019,-33.6,2866.3152
4/30/2019,-2.2176,2832.7152
4/30/2019,-2.289,2830.4976
4/29/2019,-4.158,2828.2086
5/1/2019,-23.877,2824.0506
4/30/2019,-3.99,2800.1736
4/29/2019,-2.625,2796.1836
4/29/2019,-1.365,2793.5586
4/30/2019,2537.514,2792.1936
4/29/2019,-2764.8936,5329.7076
4/28/2019,-27.3,2564.814
4/28/2019,-9.3786,2537.514
4/28/2019,-9.1476,2528.1354
4/27/2019,-40.3284,2518.9878
4/28/2019,-9.8196,2478.6594
4/29/2019,-9.2442,2468.8398
4/29/2019,-7.392,2459.5956
4/27/2019,-44.1,2452.2036
4/26/2019,-8.3454,2408.1036
4/26/2019,-16.8,2399.7582
4/26/2019,-0.315,2382.9582
4/27/2019,-23.1168,2382.6432
4/25/2019,-37.8,2359.5264
4/25/2019,-3.2508,2321.7264
4/25/2019,-0.651,2318.4756
4/25/2019,-6.9258,2317.8246
4/25/2019,-27.3,2310.8988
4/25/2019,-5.6742,2283.5988
4/25/2019,-22.659,2277.9246
4/25/2019,-2.436,2255.2656
4/23/2019,-1.554,2252.8296
4/24/2019,-283.8276,2251.2756
4/23/2019,-10.7142,1967.448
4/23/2019,-12.495,1956.7338
4/24/2019,-1.5078,1944.2388
4/24/2019,-6.93,1942.731
4/24/2019,-4.326,1935.801
4/24/2019,-1.197,1931.475
4/22/2019,-3.234,1930.278
4/22/2019,-16.1826,1927.044
4/23/2019,-31.9368,1910.8614
4/23/2019,-7.245,1878.9246
4/21/2019,336,1871.6796
4/21/2019,-20.58,2207.6796
4/22/2019,-3.7674,2187.0996
4/21/2019,-7.8162,2183.3322
4/22/2019,-7.14,2175.516
4/22/2019,-1.2558,2168.376
4/22/2019,-3.57,2167.1202
4/21/2019,-10.542,2163.5502
4/21/2019,-7.8792,2153.0082
4/20/2019,-28.6314,2145.129
4/20/2019,-16.2036,2116.4976
4/21/2019,-1.4784,2100.294
4/21/2019,-1.995,2098.8156
4/19/2019,-3.192,2096.8206
4/21/2019,-4.326,2093.6286
4/19/2019,-5.7792,2089.3026
4/20/2019,-11.76,2083.5234
4/18/2019,-4.284,2071.7634
4/19/2019,-3.696,2067.4794
4/19/2019,-27.2832,2063.7834
4/18/2019,-3.6918,2036.5002
4/18/2019,-0.483,2032.8084
4/18/2019,-32.1132,2032.3254
4/17/2019,-40.32,2000.2122
4/17/2019,-2.3352,1959.8922
4/17/2019,-11.277,1957.557
4/15/2019,-2.3142,1957.557
4/16/2019,-336,1955.2428
4/15/2019,-1.5498,1619.2428
4/17/2019,-3.5448,1617.693
4/16/2019,-13.8726,1614.1482
4/15/2019,-24.2424,1600.2756
4/13/2019,-45.7548,1576.0332
4/15/2019,-35.7,1530.2784
4/15/2019,-32.3442,1483.3014
4/14/2019,-15.8718,1450.9572
4/15/2019,-3.801,1435.0854
4/13/2019,-46.62,1431.2844
4/14/2019,-117.6,1384.6644
4/12/2019,-24.4398,1267.0644
4/13/2019,-25.515,1242.6246
4/14/2019,-4.2,1217.1096
4/13/2019,-1.827,1212.9096
4/12/2019,-4.83,1211.0826
4/12/2019,-3.9732,1206.2526
4/12/2019,-1.4322,1202.2794
4/12/2019,-23.0958,1200.8472
4/12/2019,-11.5458,1177.7514
4/11/2019,-3.927,1166.2056
4/11/2019,-1.4322,1162.2786
4/11/2019,-4.6326,1160.8464
4/11/2019,-0.315,1156.2138
4/11/2019,-5.0484,1155.8988
4/11/2019,-205.8,1150.8504
4/10/2019,-2.4528,945.0504
4/10/2019,-1.7346,942.5976
4/10/2019,-3.927,940.863
4/10/2019,-0.483,936.936
4/10/2019,-0.315,936.453
4/11/2019,-3.5448,936.138
4/9/2019,-3.675,932.5932
4/9/2019,-2.2428,928.9182
4/8/2019,-17.0478,926.6754
4/10/2019,-27.7452,909.6276
4/9/2019,-0.4158,881.8824
4/9/2019,-4.62,881.4666
4/8/2019,-3.675,876.8466
4/8/2019,-1.4322,873.1716
4/8/2019,-9.6432,871.7394
4/8/2019,-4.7334,862.0962
4/8/2019,-20.4414,857.3628
4/7/2019,-44.1,836.9214
4/5/2019,-3.9648,792.8214
4/6/2019,-69.3,788.8566
4/6/2019,-24.927,719.5566
4/7/2019,-45.2886,694.6296
4/7/2019,-73.71,649.341
4/7/2019,-2.772,575.631
4/6/2019,-3.5616,572.859
4/5/2019,-3.927,569.2974
4/4/2019,-31.9452,565.3704
4/4/2019,-4.158,533.4252
4/6/2019,-1.6254,529.2672
4/5/2019,-0.315,527.6418
4/4/2019,-17.9676,527.3268
4/5/2019,-3.5448,509.3592
4/5/2019,-3.57,505.8144
4/4/2019,-3.0492,502.2444
4/2/2019,-1.827,499.1952
4/3/2019,-132.3,497.3682
4/2/2019,-5.8254,365.0682
4/1/2019,-2.079,359.2428
4/2/2019,-17.682,357.1638
4/2/2019,-12.5748,339.4818
4/2/2019,-6.3,326.907
4/1/2019,-40.7694,320.607
4/2/2019,-3.5028,279.8376
3/31/2019,-5.292,276.3348
3/31/2019,-17.8122,271.0428
4/1/2019,-3.3768,253.2306
3/30/2019,-33.8352,249.8538
3/29/2019,-7.392,216.0186
4/1/2019,-3.57,208.6266
3/30/2019,-102.9,205.0566
3/31/2019,-24.3348,102.1566
4/1/2019,-12.8646,77.8218
3/31/2019,1562.022,64.9572
3/28/2019,-12.747,1626.9792
3/29/2019,-3.8724,1614.2322
3/29/2019,-0.42,1610.3598
3/28/2019,-47.9178,1609.9398
3/27/2019,-37.8,1562.022
3/27/2019,-4.7796,1524.222
3/26/2019,-10.0926,1519.4424
3/24/2019,-26.439,1509.3498
3/26/2019,-1.0542,1482.9108
3/25/2019,-36.9852,1481.8566
3/25/2019,-0.315,1444.8714
3/25/2019,-2.7762,1444.5564
3/26/2019,-3.6456,1441.7802
3/25/2019,-22.659,1438.1346
3/6/2019,5.46,1481.8566
3/23/2019,-6.9258,1476.3966
3/22/2019,-5.1408,1469.4708
3/22/2019,-14.28,1464.33
3/24/2019,-75.6,1450.05
3/24/2019,-2.1756,1374.45
3/23/2019,-3.2466,1372.2744
3/24/2019,-1.8018,1369.0278
3/23/2019,-1.8018,1367.226
3/23/2019,-53.718,1365.4242
3/24/2019,-6.93,1311.7062
3/24/2019,-6.93,1304.7762
3/21/2019,-3.7968,1297.8462
3/22/2019,-10.5,1294.0494
3/21/2019,-5.7036,1283.5494
3/22/2019,-15.7332,1277.8458
3/22/2019,-4.1244,1262.1126
3/20/2019,-15.5526,1202.5272
3/21/2019,-4.1538,1186.9746
3/20/2019,-2.8644,1182.8208
3/19/2019,-9.2316,1179.9564
3/20/2019,-18.0348,1170.7248
3/19/2019,-2.4024,1152.69
3/19/2019,-1.4322,1150.2876
3/19/2019,-0.6552,1148.8554
3/18/2019,-16.1448,1148.2002
3/19/2019,-27.2832,1132.0554
3/15/2019,-76.2678,1104.7722
3/18/2019,-0.483,1028.5044
3/17/2019,-42,1028.0214
3/15/2019,-3.528,986.0214
3/15/2019,-3.276,982.4934
3/17/2019,-9.9204,979.2174
3/17/2019,-23.5704,969.297
3/17/2019,-23.6502,945.7266
3/16/2019,-65.6502,922.0764
3/16/2019,-6.006,856.4262
3/17/2019,-12.6,850.4202
3/15/2019,-2.6796,837.8202
3/15/2019,-4.1958,835.1406
3/15/2019,-3.8094,830.9448
3/14/2019,-54.6,827.1354
3/15/2019,-4.0194,772.5354
3/14/2019,-52.5,768.516
3/13/2019,-8.1858,716.016
3/15/2019,-75.6,707.8302
3/13/2019,-4.515,632.2302
3/13/2019,-1.8018,627.7152
3/12/2019,-9.6642,625.9134
3/12/2019,-6.3,616.2492
3/11/2019,-27.72,609.9492
3/9/2019,-16.6824,582.2292
3/10/2019,-18.6564,565.5468
3/9/2019,-2.1672,546.8904
3/9/2019,-14.5026,544.7232
3/10/2019,-6.93,530.2206
3/10/2019,-9.2442,523.2906
3/9/2019,-7.4592,514.0464
3/7/2019,-3.3306,506.5872
3/8/2019,-6.3,503.2566
3/8/2019,-4.2588,496.9566
3/8/2019,-7.5138,492.6978
3/8/2019,-0.4158,485.184
3/6/2019,-3.5616,484.7682
3/8/2019,-3.1332,481.2066
3/5/2019,-13.965,478.0734
3/5/2019,-3.9732,464.1084
3/5/2019,-4.7796,460.1352
3/5/2019,-1.6254,455.3556
3/4/2019,-14.385,453.7302
3/5/2019,-5.46,439.3452
3/5/2019,-8.6604,433.8852
3/4/2019,-31.08,425.2248
3/4/2019,-5.2374,394.1448
3/4/2019,-21.0336,388.9074
3/3/2019,-2.7678,367.8738
3/3/2019,-6.342,365.106
3/3/2019,-2.772,358.764
3/3/2019,-3.2844,355.992
3/4/2019,-23.0748,352.7076
3/3/2019,-7.4718,329.6328
3/4/2019,-0.483,322.161
3/4/2019,-2.3058,321.678
3/4/2019,-4.3596,319.3722
3/2/2019,-1.1424,315.0126
3/2/2019,-2.205,313.8702
3/2/2019,-1.8018,311.6652
3/1/2019,-1.6716,309.8634
3/1/2019,-13.944,308.1918
3/3/2019,-15.1998,294.2478
3/3/2019,-4.62,279.048
3/3/2019,-7.0644,274.428
3/1/2019,-1.827,267.3636
3/2/2019,-152.6028,265.5366
3/3/2019,-33.6,112.9338
3/1/2019,-4.6158,79.3338
2/28/2019,-2.079,74.718
2/28/2019,-1.4322,72.639
2/28/2019,-0.9702,71.2068
2/28/2019,-6.468,70.2366
2/28/2019,-5.0442,63.7686
2/28/2019,-0.483,58.7244
2/27/2019,-17.9256,58.2414
2/28/2019,-20.2566,40.3158
2/27/2019,-4.452,20.0592
2/27/2019,-1.1088,15.6072
2/28/2019,2267.6514,14.4984
2/27/2019,-0.483,2282.1498
2/27/2019,-6.0228,2281.6668
2/26/2019,-5.6364,2275.644
2/26/2019,-2.3562,2270.0076
2/26/2019,-0.483,2267.6514
2/25/2019,-50.4,2267.1684
2/25/2019,-0.483,2216.7684
2/24/2019,-3.717,2216.2854
2/26/2019,-2.9274,2212.5684
2/25/2019,-8.9796,2209.641
2/23/2019,-6.9258,2200.6614
2/22/2019,-12.6,2193.7356
2/24/2019,-16.9848,2181.1356
2/23/2019,-28.2576,2164.1508
2/22/2019,-18.4548,2135.8932
2/24/2019,-6.93,2117.4384
2/22/2019,-4.7796,2110.5084
2/22/2019,-0.483,2105.7288
2/22/2019,-0.315,2105.2458
2/22/2019,-0.483,2104.9308
2/21/2019,-24.8556,2104.4478
2/22/2019,-5.8464,2079.5922
2/21/2019,-0.483,2073.7458
2/20/2019,-0.483,2073.2628
2/20/2019,-0.483,2072.7798
2/20/2019,-0.483,2072.2968
2/19/2019,-8.0304,2071.8138
2/20/2019,-6.3,2063.7834
2/19/2019,-4.6662,2057.4834
2/19/2019,-25.2,2052.8172
2/19/2019,-0.483,2027.6172
2/19/2019,-0.315,2027.1342
2/18/2019,-29.4,2026.8192
2/17/2019,-2.2134,1997.4192
2/18/2019,-3.6498,1995.2058
2/18/2019,-23.6712,1991.556
2/17/2019,-67.2,1967.8848
2/15/2019,-3.9648,1900.6848
2/17/2019,-34.9944,1896.72
2/16/2019,-19.5468,1861.7256
2/16/2019,-6.006,1842.1788
2/15/2019,-0.924,1836.1728
2/14/2019,-42,1835.2488
2/16/2019,-1242.78,1793.2488
2/15/2019,-35.7,550.4688
2/15/2019,-9.3912,514.7688
2/15/2019,-4.1076,505.3776
2/14/2019,-0.483,501.27
2/14/2019,-0.483,500.787
2/14/2019,-25.8972,500.304
2/13/2019,-8.5638,474.4068
2/14/2019,-92.4798,465.843
2/13/2019,-73.71,373.3632
2/12/2019,-4.9728,299.6532
2/12/2019,-12.6,294.6804
2/13/2019,-2.7468,282.0804
2/8/2019,-4.62,279.3336
2/10/2019,-9.2358,274.7136
2/8/2019,-16.6026,265.4778
2/7/2019,-4.5318,248.8752
2/10/2019,-27.09,244.3434
2/8/2019,-0.4158,217.2534
2/7/2019,-3.1206,216.8376
2/7/2019,-0.483,213.717
2/5/2019,-3.0324,213.234
2/4/2019,-42,210.2016
2/4/2019,-2.3058,168.2016
2/4/2019,-6.3,165.8958
2/2/2019,-7.14,159.5958
2/2/2019,-1.8018,152.4558
2/1/2019,-9.24,150.654
2/3/2019,-46.6494,141.414
2/1/2019,-19.7862,94.7646
2/3/2019,-4.62,74.9784
2/3/2019,-10.5,70.3584
2/3/2019,-25.2,59.8584
1/30/2019,-19.152,34.6584
1/30/2019,-0.7812,15.5064
1/31/2019,1252.6794,14.7252
1/30/2019,-9.2484,1267.4046
1/29/2019,-4.8258,1258.1562
1/29/2019,-0.651,1253.3304
1/29/2019,-75.6,1252.6794
1/29/2019,-6.468,1177.0794
1/28/2019,-0.483,1170.6114
1/28/2019,-48.2916,1170.1284
1/26/2019,-115.0128,1121.8368
1/26/2019,-84,1006.824
1/26/2019,-27.2202,922.824
1/26/2019,-9.7566,895.6038
1/26/2019,-12.0666,885.8472
1/26/2019,-24.5154,873.7806
1/25/2019,-23.625,849.2652
1/24/2019,-0.483,825.6402
1/24/2019,-0.483,825.1572
1/24/2019,-20.3532,824.6742
1/24/2019,-6.93,804.321
1/23/2019,-6.9258,797.391
1/23/2019,-0.483,790.4652
1/22/2019,-4.2,789.9822
1/22/2019,-0.483,785.7822
1/22/2019,-0.483,785.2992
1/21/2019,-5.355,784.8162
1/19/2019,-10.4622,779.4612
1/18/2019,-3.6036,768.999
1/19/2019,-8.337,765.3954
1/20/2019,-20.7564,757.0584
1/19/2019,-4.6788,736.302
1/21/2019,-6.93,731.6232
1/20/2019,-7.3962,724.6932
1/18/2019,-0.483,717.297
1/18/2019,-0.483,716.814
1/18/2019,-0.483,716.331
1/17/2019,-14.0994,715.848
1/18/2019,-16.8,701.7486
1/16/2019,-10.4916,684.9486
1/16/2019,-0.483,674.457
1/16/2019,-0.483,673.974
1/16/2019,-6.006,673.491
1/15/2019,-0.483,667.485
1/14/2019,-0.483,667.002
1/14/2019,-0.483,666.519
1/12/2019,-0.8904,666.036
1/13/2019,-33.5748,665.1456
1/11/2019,-10.7646,631.5708
1/14/2019,-7.7658,620.8062
1/12/2019,-32.8314,613.0404
1/11/2019,-0.483,580.209
1/11/2019,-210,579.726
1/10/2019,-0.483,369.726
1/10/2019,-13.23,369.243
1/9/2019,-0.483,356.013
1/9/2019,-12.6462,355.53
1/8/2019,-13.2846,342.8838
1/8/2019,-0.4158,329.5992
1/8/2019,-115.5,329.1834
1/7/2019,-12.6,213.6834
1/4/2019,-11.4618,201.0834
1/5/2019,-1.7178,189.6216
1/5/2019,-28.2702,187.9038
1/5/2019,-16.1112,159.6336
1/6/2019,-6.1278,143.5224
1/4/2019,-2.3058,137.3946
1/3/2019,-1.092,135.0888
1/3/2019,-4.62,133.9968
1/2/2019,-16.6068,129.3768
12/31/2018,-4.5738,112.77
1/1/2019,2535.6072,108.1962
1/1/2019,31.3698,2643.8034
12/31/2018,-12.6,2675.1732
12/31/2018,-17.2704,2662.5732
12/31/2018,-12.6546,2645.3028
12/30/2018,-5.6784,2632.6482
1/1/2019,-10.983,2626.9698
1/1/2019,-10.983,2615.9868
12/31/2018,-1.47,2605.0038
12/29/2018,-5.0358,2603.5338
12/29/2018,-1.7178,2598.498
12/30/2018,-6.7116,2596.7802
12/29/2018,-2.6376,2590.0686
12/29/2018,-5.544,2587.431
12/28/2018,-8.967,2581.887
12/29/2018,-21.756,2572.92
12/31/2018,-15.5568,2551.164
12/28/2018,-16.0314,2535.6072
12/28/2018,-1.8228,2519.5758
12/28/2018,-11.3568,2517.753
12/28/2018,-43.3608,2506.3962
12/27/2018,-6.5646,2463.0354
12/28/2018,-5.1534,2456.4708
12/28/2018,-3.2424,2451.3174
12/28/2018,-81.06,2448.075
12/27/2018,-92.3202,2367.015
12/27/2018,-15.708,2274.6948
12/26/2018,-6.3252,2258.9868
12/26/2018,-3.4566,2252.6616
12/26/2018,-2.73,2249.205
12/27/2018,-11.7012,2246.475
12/27/2018,-19.5048,2234.7738
12/26/2018,-1.7094,2215.269
12/26/2018,-56.637,2213.5596
12/25/2018,-21.7182,2156.9226
12/26/2018,-3.5406,2135.2044
12/26/2018,-1.7682,2131.6638
12/25/2018,-5.754,2129.8956
12/26/2018,-0.6972,2124.1416
12/25/2018,-50.5386,2123.4444
12/26/2018,-73.71,2072.9058
12/25/2018,-1.827,1999.1958
12/24/2018,-151.5402,1997.3688
12/24/2018,-85.9782,1845.8286
12/25/2018,-24.0282,1759.8504
12/25/2018,-19.3452,1735.8222
12/25/2018,-37.7874,1716.477
12/24/2018,-59.4594,1678.6896
12/24/2018,-34.86,1619.2302
12/24/2018,-47.7498,1584.3702
12/24/2018,-36.96,1536.6204
12/24/2018,-1.7178,1499.6604
12/24/2018,-15.4098,1497.9426
12/24/2018,-6.93,1482.5328
12/24/2018,-28.56,1475.6028
12/24/2018,-16.6278,1447.0428
12/24/2018,-12.4362,1430.415
12/23/2018,-6.9258,1417.9788
12/23/2018,-6.93,1411.053
12/23/2018,-3.2928,1404.123
12/23/2018,-27.9006,1400.8302
12/23/2018,-2.3058,1372.9296
12/23/2018,-2.268,1370.6238
12/23/2018,-7.9758,1368.3558
12/21/2018,-42,1360.38
12/21/2018,-12.18,1318.38
12/20/2018,-15.12,1306.2
12/21/2018,-1.785,1291.08
12/21/2018,-25.2882,1289.295
12/21/2018,-4.284,1264.0068
12/21/2018,-1.428,1259.7228
12/20/2018,-33.6966,1258.2948
12/20/2018,-6.3,1224.5982
12/19/2018,-30.0426,1218.2982
12/20/2018,-4.1748,1188.2556
12/19/2018,105,1184.0808
12/18/2018,-38.8332,1289.0808
12/19/2018,-490.14,1250.2476
12/20/2018,-4.2756,760.1076
12/18/2018,-3.0996,755.832
12/18/2018,-40.0764,752.7324
12/18/2018,-2.352,712.656
12/18/2018,-1.701,710.304
12/19/2018,-36.9894,708.603
12/18/2018,-420,671.6136
12/14/2018,-32.9994,251.6136
12/18/2018,-1.8438,218.6142
12/16/2018,-4.62,251.6136
12/16/2018,-31.1934,246.9936
12/15/2018,-10.0884,215.8002
12/16/2018,-6.006,205.7118
12/16/2018,-129.4524,199.7058
12/14/2018,-27.8796,70.2534
12/13/2018,-3.3306,216.7704
12/13/2018,2978.1234,213.4398
12/11/2018,-4.2,3191.5632
12/10/2018,-3.57,2978.1234
12/10/2018,-12.369,2974.5534
12/9/2018,-3.4524,2962.1844
12/9/2018,-19.32,2958.732
12/8/2018,-0.4158,2939.412
12/7/2018,-21.987,2938.9962
12/7/2018,-8.4,2917.0092
12/7/2018,-11.3904,2908.6092
12/7/2018,-14.7,2897.2188
12/7/2018,-5.1702,2882.5188
12/7/2018,-3.612,2877.3486
12/7/2018,-20.16,2873.7366
12/6/2018,-8.4,2853.5766
12/6/2018,-2.541,2845.1766
12/6/2018,-0.819,2842.6356
12/5/2018,-4.62,2841.8166
12/5/2018,-48.3,2837.1966
12/5/2018,-2.121,2788.8966
12/5/2018,-1.05,2786.7756
12/5/2018,-105,2785.7256
12/4/2018,-2.499,2680.7256
12/4/2018,-0.819,2678.2266
12/4/2018,-1.05,2677.4076
12/3/2018,-12.5874,2785.7256
12/4/2018,-2.3058,2773.1382
12/4/2018,-77.0868,2770.8324
12/3/2018,-1.701,2693.7456
12/3/2018,-0.882,2692.0446
12/3/2018,-0.882,2691.1626
12/4/2018,867.0648,2580.9126
12/3/2018,4.62,3447.9774
12/3/2018,-461.9916,3452.5974
12/3/2018,-8.0346,2990.6058
12/3/2018,-4.62,2982.5712
12/2/2018,461.958,2977.9512
12/2/2018,-48.3,3439.9092
12/2/2018,-3.7716,3391.6092
12/1/2018,-1.7346,3387.8376
12/1/2018,-27.2118,3386.103
12/2/2018,-461.958,3358.8912
12/2/2018,-12.2556,2896.9332
12/3/2018,-4.8888,2884.6776
12/3/2018,-0.42,2879.7888
12/3/2018,-4.4562,2879.3688
12/2/2018,-4.368,2874.9126
12/2/2018,-0.42,2870.5446
11/29/2018,-37.8,2870.1246
11/29/2018,-12.6,2832.3246
11/30/2018,-31.4916,2819.7246
11/30/2018,-4.62,2788.233
11/29/2018,-7.917,2783.613
11/29/2018,-1.701,2775.696
11/29/2018,-0.84,2773.995
11/29/2018,-5.5356,2773.155
11/29/2018,-461.958,2767.6194
11/29/2018,-5.313,2305.6614
11/30/2018,-4.5192,2300.3484
11/28/2018,-1.701,2295.8292
11/28/2018,-0.882,2294.1282
11/28/2018,-0.483,2293.2462
11/28/2018,-6.3,2292.7632
11/27/2018,-1.701,2286.4632
11/27/2018,-1.743,2284.7622
11/27/2018,-1.701,2283.0192
11/27/2018,-2.73,2281.3182
11/26/2018,-14.7,2278.5882
11/28/2018,-39.0474,2263.8882
11/27/2018,-13.8222,2224.8408
11/26/2018,63,2211.0186
11/25/2018,-14.7,2274.0186
11/24/2018,-14.7,2259.3186
11/25/2018,-33.411,2244.6186
11/26/2018,-10.5,2211.2076
11/25/2018,-24.0198,2200.7076
11/26/2018,-17.8458,2176.6878
11/26/2018,-3.6582,2158.842
11/25/2018,-88.2,2155.1838
11/25/2018,-4.557,2066.9838
11/25/2018,-17.3586,2062.4268
11/24/2018,-3.9144,2045.0682
11/23/2018,-17.6274,2041.1538
11/24/2018,-132.6024,2023.5264
11/24/2018,-84,1890.924
11/24/2018,-35.91,1806.924
11/24/2018,-168,1771.014
11/23/2018,-29.4,1603.014
11/25/2018,-0.2268,1573.614
11/24/2018,-4.5528,1573.3872
11/25/2018,-2.94,1568.8344
11/25/2018,-20.5548,1565.8944
11/24/2018,-6.93,1545.3396
11/24/2018,-4.2,1538.4096
11/24/2018,-33.6,1534.2096
11/23/2018,-6.9258,1500.6096
11/23/2018,-17.8542,1493.6838
11/23/2018,-171.9102,1475.8296
11/23/2018,-2.6796,1303.9194
11/23/2018,-7.3836,1301.2398
11/21/2018,-2.0118,1293.8562
11/22/2018,-4.6242,1291.8444
11/22/2018,-8.3328,1287.2202
11/21/2018,-3.99,1278.8874
11/21/2018,-16.8,1274.8974
11/21/2018,-25.1958,1258.0974
11/21/2018,-32.5836,1232.9016
11/21/2018,-7.245,1200.318
11/21/2018,-50.4,1193.073
11/20/2018,-33.6,1142.673
11/20/2018,-6.2622,1109.073
11/19/2018,-3.99,1102.8108
11/20/2018,-23.625,1098.8208
11/20/2018,-12.012,1075.1958
11/20/2018,-17.5476,1063.1838
11/19/2018,-32.4198,1045.6362
11/18/2018,-6.321,1013.2164
11/19/2018,-9.6936,1006.8954
11/18/2018,-14.3556,997.2018
11/18/2018,-1.7178,982.8462
11/17/2018,-33.5244,981.1284
11/17/2018,-8.3202,947.604
11/17/2018,-11.6004,939.2838
11/18/2018,-33.1002,927.6834
11/18/2018,-2.7762,894.5832
11/16/2018,-1.7178,891.807
11/16/2018,-15.9684,890.0892
11/16/2018,-6.006,874.1208
11/15/2018,-1.05,868.1148
11/16/2018,-2.2428,867.0648
11/14/2018,-1.05,864.822
11/14/2018,-13.2426,863.772
11/13/2018,-5.502,850.5294
11/13/2018,-0.3108,845.0274
11/13/2018,-1.05,844.7166
11/10/2018,-101.388,843.6666
11/10/2018,-101.388,742.2786
11/12/2018,-4.9266,640.8906
11/12/2018,-26.7834,635.964
11/11/2018,-31.9452,609.1806
11/10/2018,-7.1988,577.2354
11/10/2018,-11.634,570.0366
11/10/2018,-2.0538,558.4026
11/10/2018,-52.5,556.3488
11/10/2018,-24.6582,503.8488
11/10/2018,-25.2252,479.1906
11/12/2018,-2.772,453.9654
11/10/2018,-19.9794,451.1934
11/9/2018,-0.4158,431.214
11/9/2018,-6.3,430.7982
11/7/2018,-35.9814,424.4982
11/9/2018,-13.4778,388.5168
11/7/2018,-1.827,375.039
11/9/2018,-22.1634,373.212
11/8/2018,-2.94,351.0486
11/7/2018,-1.05,348.1086
11/6/2018,-1.701,347.0586
11/6/2018,-0.4662,345.3576
11/6/2018,-0.861,344.8914
11/6/2018,-1.05,344.0304
11/6/2018,-11.7222,342.9804
11/5/2018,-33.6714,331.2582
11/5/2018,-1.701,297.5868
11/5/2018,-0.861,295.8858
11/5/2018,-0.651,295.0248
11/5/2018,-3.57,294.3738
11/3/2018,-38.2872,290.8038
11/3/2018,-11.634,252.5166
11/3/2018,-10.416,240.8826
11/4/2018,-38.6526,230.4666
11/2/2018,-5.2878,191.814
11/4/2018,-2.3058,186.5262
11/3/2018,-42,184.2204
11/1/2018,-4.2,142.2204
11/2/2018,-8.61,138.0204
11/1/2018,-12.0456,129.4104
11/1/2018,-1.701,117.3648
11/1/2018,-0.861,115.6638
11/1/2018,-1.05,114.8028
11/1/2018,-8.0388,113.7528
11/1/2018,-73.71,105.714
11/1/2018,-21,32.004
10/31/2018,-1.701,11.004
10/31/2018,-0.861,9.303
10/31/2018,-1.05,8.442
11/1/2018,1264.599,7.392
10/30/2018,-4.641,1271.991
10/30/2018,-1.701,1267.35
10/30/2018,-1.05,1265.649
10/29/2018,-39.5346,1264.599
10/30/2018,-18.5052,1225.0644
10/30/2018,-6.3,1206.5592
10/26/2018,-37.8,1200.2592
10/26/2018,-2.1,1162.4592
10/28/2018,-18.7026,1160.3592
10/27/2018,-1.5918,1141.6566
10/27/2018,-68.8884,1140.0648
10/29/2018,-7.8582,1071.1764
10/28/2018,-39.0474,1063.3182
10/26/2018,-10.92,1024.2708
10/26/2018,-3.486,1013.3508
10/26/2018,-1.2432,1009.8648
10/26/2018,-1.05,1008.6216
10/27/2018,-57.8256,1007.5716
10/25/2018,-1.701,949.746
10/25/2018,-1.05,948.045
10/25/2018,-4.2,946.995
10/24/2018,-1.701,942.795
10/24/2018,-0.861,941.094
10/24/2018,-1.05,940.233
10/24/2018,-16.6614,939.183
10/23/2018,-10.227,922.5216
10/25/2018,-4.62,912.2946
10/24/2018,-6.93,907.6746
10/23/2018,-2.289,900.7446
10/23/2018,-6.9258,898.4556
10/23/2018,-1.7178,891.5298
10/22/2018,-4.2,889.812
10/23/2018,-22.5792,885.612
10/22/2018,-1.701,863.0328
10/22/2018,-0.861,861.3318
10/22/2018,-1.05,860.4708
10/21/2018,-29.4,859.4208
10/20/2018,-1.7178,830.0208
10/21/2018,-3.9816,828.303
10/20/2018,-19.0512,824.3214
10/22/2018,-3.696,805.2702
10/22/2018,-14.595,801.5742
10/22/2018,-6.93,786.9792
10/21/2018,-2.772,780.0492
10/20/2018,-50.4,777.2772
10/19/2018,-1.701,726.8772
10/19/2018,-1.05,725.1762
10/19/2018,-26.6826,724.1262
10/18/2018,-1.701,697.4436
10/18/2018,-1.05,695.7426
10/17/2018,-4.62,694.6926
10/18/2018,-13.419,690.0726
10/19/2018,-4.6242,676.6536
10/18/2018,-6.3,672.0294
10/17/2018,-18.8958,665.7294
10/17/2018,-14.1246,646.8336
10/17/2018,-1.701,632.709
10/17/2018,-1.05,631.008
10/16/2018,-4.1034,629.958
10/16/2018,-11.3778,625.8546
10/18/2018,-24.5112,614.4768
10/17/2018,-11.5542,589.9656
10/18/2018,-2.7636,578.4114
10/16/2018,-0.6762,575.6478
10/16/2018,-24.78,574.9716
10/16/2018,-1.05,550.1916
10/12/2018,-14.238,549.1416
10/12/2018,-7.14,534.9036
10/16/2018,-6.006,527.7636
10/15/2018,-1.701,521.7576
10/15/2018,-0.861,520.0566
10/15/2018,-1.05,519.1956
10/15/2018,-20.8614,518.1456
10/13/2018,-1.7178,497.2842
10/14/2018,-16.3716,495.5664
10/13/2018,-22.701,479.1948
10/14/2018,-13.4064,456.4938
10/13/2018,-37.8,443.0874
10/12/2018,-1.701,405.2874
10/12/2018,-1.05,403.5864
10/12/2018,-2.7762,402.5364
10/11/2018,-17.3502,399.7602
10/10/2018,-16.1742,382.41
10/10/2018,-8.4,366.2358
10/10/2018,-0.861,357.8358
10/9/2018,-8.3202,356.9748
10/10/2018,-3.2508,348.6546
10/10/2018,-0.42,345.4038
10/8/2018,-1.092,344.9838
10/8/2018,-0.861,343.8918
10/8/2018,-1.05,343.0308
10/8/2018,-15.7122,341.9808
10/8/2018,-1.1508,326.2686
10/8/2018,-10.941,325.1178
10/8/2018,-0.4158,314.1768
10/8/2018,-6.1278,313.761
10/8/2018,-2.94,307.6332
10/6/2018,-46.2,304.6932
10/7/2018,-1.8438,258.4932
10/5/2018,-1.764,256.6494
10/7/2018,-37.9428,254.8854
10/5/2018,-18.0852,216.9426
10/6/2018,-40.0764,198.8574
10/6/2018,-4.9854,158.781
10/6/2018,-4.3302,153.7956
10/5/2018,-1.701,149.4654
10/5/2018,-1.05,147.7644
10/5/2018,-18.9,146.7144
10/5/2018,-0.7014,127.8144
10/5/2018,-2.7762,127.113
10/4/2018,-2.0958,124.3368
10/4/2018,-1.365,122.241
10/5/2018,-1.0206,120.876
10/4/2018,-1.701,119.8554
10/4/2018,-0.819,118.1544
10/4/2018,-0.861,117.3354
10/3/2018,-4.347,116.4744
10/3/2018,-8.1312,112.1274
10/5/2018,-1.974,103.9962
10/4/2018,-0.6762,102.0222
10/3/2018,-0.861,101.346
10/3/2018,-1.05,100.485
10/3/2018,-3.78,99.435
10/2/2018,-27.3,95.655
10/3/2018,-2.94,68.355
10/2/2018,-4.2,65.415
10/3/2018,-40.866,61.215
10/2/2018,-0.861,20.349
10/2/2018,-1.05,19.488
10/3/2018,1194.3792,18.438
10/1/2018,-13.335,1212.8172
10/1/2018,-3.402,1199.4822
10/1/2018,-1.701,1196.0802
10/1/2018,-1.9194,1194.3792
10/1/2018,-3.9018,1192.4598
9/30/2018,-15.54,1188.558
9/29/2018,-1.7178,1173.018
9/30/2018,-24.7548,1171.3002
9/30/2018,-4.6242,1146.5454
9/29/2018,-4.7208,1141.9212
9/29/2018,-14.6202,1137.2004
10/1/2018,-2.352,1122.5802
10/1/2018,-2.2638,1120.2282
9/28/2018,-15.0192,1117.9644
9/28/2018,-15.5988,1102.9452
9/28/2018,-7.245,1087.3464
9/27/2018,-2.541,1080.1014
9/27/2018,-1.05,1077.5604
9/27/2018,-22.533,1076.5104
9/28/2018,-39.0474,1053.9774
9/26/2018,-4.62,1014.93
9/26/2018,-1.05,1010.31
9/26/2018,-9.3492,1009.26
9/25/2018,-1.701,999.9108
9/25/2018,-0.861,998.2098
9/25/2018,-1.05,997.3488
9/25/2018,-25.515,996.2988
9/24/2018,-4.242,970.7838
9/24/2018,-0.861,966.5418
9/24/2018,-1.05,965.6808
9/24/2018,-18.9,964.6308
9/24/2018,-6.93,945.7308
9/21/2018,-1.764,938.8008
9/22/2018,-31.2186,937.0368
9/21/2018,-10.2018,905.8182
9/22/2018,-18.0558,895.6164
9/21/2018,-20.559,877.5606
9/21/2018,-53.6172,857.0016
9/20/2018,-1.092,803.3844
9/20/2018,-0.861,802.2924
9/19/2018,-30.1476,801.4314
9/20/2018,-2.625,771.2838
9/19/2018,-1.05,768.6588
9/19/2018,-13.44,767.6088
9/19/2018,-7.0854,754.1688
9/18/2018,-1.512,747.0834
9/18/2018,-1.533,745.5714
9/17/2018,-0.861,744.0384
9/17/2018,-1.533,743.1774
9/16/2018,-27.7452,741.6444
9/15/2018,-47.4012,713.8992
9/16/2018,-4.9476,666.498
9/15/2018,-16.8,661.5504
9/13/2018,-15.12,644.7504
9/14/2018,-4.6536,629.6304
9/13/2018,-38.8038,624.9768
9/15/2018,-6.8964,586.173
9/14/2018,-30.4836,579.2766
9/14/2018,-8.841,548.793
9/12/2018,-1.365,539.952
9/12/2018,-9.8364,538.587
9/11/2018,-1.827,528.7506
9/11/2018,-2.562,526.9236
9/11/2018,-1.05,524.3616
9/11/2018,-38.64,523.3116
9/10/2018,-1.05,484.6716
9/11/2018,-4.62,483.6216
9/11/2018,-7.392,479.0016
9/8/2018,60.7488,471.6096
9/8/2018,63.7476,532.3584
9/7/2018,169.0794,596.106
9/8/2018,-35.28,765.1854
9/9/2018,-0.84,729.9054
9/7/2018,-316.9446,729.0654
9/8/2018,-1.05,412.1208
9/9/2018,-55.0284,411.0708
9/8/2018,-39.5178,356.0424
9/10/2018,-6.9972,316.5246
9/10/2018,-5.3088,309.5274
9/8/2018,-2.94,304.2186
9/8/2018,-40.0764,301.2786
9/9/2018,-6.3,261.2022
9/7/2018,-6.4596,254.9022
9/7/2018,-0.84,248.4426
9/7/2018,-6.9384,247.6026
9/6/2018,-20.349,240.6642
9/6/2018,-3.192,220.3152
9/6/2018,-0.861,217.1232
9/4/2018,-14.7966,216.2622
9/7/2018,-12.2304,201.4656
9/5/2018,-1.596,189.2352
9/5/2018,-0.861,187.6392
9/5/2018,-11.9784,186.7782
9/6/2018,-14.9982,174.7998
9/6/2018,-13.8432,159.8016
9/5/2018,-11.9826,145.9584
9/4/2018,-11.256,133.9758
9/4/2018,-2.604,122.7198
9/5/2018,1076.1072,120.1158
9/4/2018,-6.5016,1196.223
9/3/2018,-6.3336,1189.7214
9/4/2018,-15.2334,1183.3878
9/4/2018,-13.8684,1168.1544
9/4/2018,-27.804,1154.286
9/3/2018,-16.8,1126.482
9/3/2018,-33.5748,1109.682
9/3/2018,-12.369,1076.1072
9/1/2018,-10.479,1063.7382
9/1/2018,-22.1508,1053.2592
9/3/2018,-2.772,1031.1084
9/2/2018,-3.696,1028.3364
8/31/2018,-5.2038,1024.6404
8/30/2018,-44.079,1019.4366
8/31/2018,-3.4398,975.3576
8/31/2018,-29.1228,971.9178
8/30/2018,-2.1252,942.795
8/30/2018,-5.229,940.6698
8/30/2018,-1.05,935.4408
8/30/2018,-9.744,934.3908
8/30/2018,-11.634,924.6468
8/30/2018,-4.2,913.0128
8/30/2018,-28.98,908.8128
8/29/2018,-58.8,879.8328
8/29/2018,-21,821.0328
8/29/2018,-39.6942,800.0328
8/28/2018,-8.3328,760.3386
8/28/2018,-1.827,752.0058
8/30/2018,-1.7598,750.1788
8/30/2018,-2.6712,748.419
8/30/2018,-1.26,745.7478
8/28/2018,-2.6544,744.4878
8/28/2018,-0.462,498.9894
8/28/2018,-4.158,498.5274
8/28/2018,-8.967,494.3694
8/28/2018,-3.0282,485.4024
8/28/2018,-61.11,482.3742
8/28/2018,96.8772,741.8334
8/28/2018,23.0412,644.9562
8/28/2018,17.5266,621.915
8/28/2018,18.2196,604.3884
8/28/2018,13.0242,586.1688
8/28/2018,5.4264,573.1446
8/28/2018,5.4264,567.7182
8/28/2018,1.1802,562.2918
8/28/2018,14.7,561.1116
8/28/2018,4.2,546.4116
8/28/2018,28.4382,542.2116
8/28/2018,14.784,513.7734
8/28/2018,-14.7,421.2642
8/28/2018,-4.2,406.5642
8/28/2018,-28.4382,402.3642
8/28/2018,-14.784,373.926
8/28/2018,-14.7,359.142
8/28/2018,-4.2,344.442
8/28/2018,-28.4382,340.242
8/28/2018,-14.784,311.8038
8/28/2018,-96.8772,297.0198
8/28/2018,-17.5266,200.1426
8/28/2018,-5.4264,182.616
8/28/2018,-18.2196,177.1896
8/28/2018,-5.4264,158.97
8/28/2018,-1.1802,153.5436
8/28/2018,-13.0242,152.3634
8/28/2018,-23.0412,139.3392
8/28/2018,-96.8772,116.298
8/28/2018,-17.5266,19.4208
8/28/2018,-13.0242,1.8942
8/28/2018,-23.0412,-11.13
8/28/2018,-5.4264,-34.1712
8/28/2018,-18.2196,-39.5976
8/28/2018,-5.4264,-57.8172
8/28/2018,-1.1802,-63.2436
8/26/2018,-2.8434,-64.4238
8/27/2018,-4.1622,-67.2672
8/27/2018,-9.2652,-71.4294
8/27/2018,-16.1868,-80.6946
8/28/2018,-37.8,-96.8814
8/19/2018,-48.342,-134.6814
8/20/2018,-50.4,-183.0234
8/19/2018,-0.3402,-233.4234
8/17/2018,-1.8438,251.9244
8/11/2018,-141.4098,250.0806
8/8/2018,-2.94,108.6708
7/28/2018,-7.0308,105.7308
7/28/2018,-16.5438,98.7
7/28/2018,-6.7284,82.1562
7/28/2018,-1.1046,75.4278
7/27/2018,-19.5426,74.3232
7/26/2018,-12.5412,54.7806
7/28/2018,-37.8,42.2394
7/26/2018,-0.0714,4.4394
7/26/2018,-1.827,4.368
7/26/2018,-1.68,2.541
7/26/2018,-0.861,0.861
7/29/2018,2928.7146,0
7/26/2018,-6.006,2928.7146
7/26/2018,-9.4794,2922.7086
7/26/2018,-3.696,2913.2292
7/25/2018,-20.4246,2909.5332
7/26/2018,-7.56,2889.1086
7/26/2018,-12.9486,2881.5486
7/26/2018,-16.8,2868.6
7/25/2018,-1.6716,2851.8
7/25/2018,-0.861,2850.1284
7/25/2018,-0.483,2849.2674
7/25/2018,-4.6158,2848.7844
7/25/2018,-255.2592,2844.1686
7/24/2018,-1.9656,2588.9094
7/24/2018,-40.2318,2586.9438
7/23/2018,-25.2,2546.712
7/23/2018,-7.7448,2521.512
7/23/2018,-27.6822,2513.7672
7/21/2018,-33.1632,2486.085
7/22/2018,-133.7322,2452.9218
7/21/2018,-23.1,2319.1896
7/21/2018,-7.5264,2296.0896
7/21/2018,-77.7,2288.5632
7/20/2018,-147,2210.8632
7/20/2018,-13.6794,2063.8632
7/21/2018,-10.584,2050.1838
7/21/2018,-11.571,2039.5998
7/20/2018,-3.192,2028.0288
7/20/2018,-0.861,2024.8368
7/21/2018,-2.7888,2023.9758
7/19/2018,-24.297,2021.187
7/19/2018,-1.827,1996.89
7/20/2018,-50.4,1995.063
7/19/2018,-1.68,1944.663
7/19/2018,-34.86,1942.983
7/19/2018,-23.1168,1908.123
7/19/2018,-3.465,1885.0062
7/19/2018,-28.2996,1881.5412
7/18/2018,-1.365,1853.2416
7/18/2018,-1.9656,1851.8766
7/18/2018,-2.52,1849.911
7/18/2018,-0.861,1847.391
7/18/2018,-0.861,1846.53
7/18/2018,-43.26,1845.669
7/17/2018,-15.6366,1802.409
7/18/2018,-11.4156,1786.7724
7/17/2018,-1.68,1775.3568
7/17/2018,-0.861,1773.6768
7/17/2018,-0.861,1772.8158
7/17/2018,-0.861,1771.9548
7/18/2018,-0.0714,1771.0938
7/16/2018,-33.579,1771.0224
7/16/2018,-4.242,1737.4434
7/16/2018,-0.861,1733.2014
7/16/2018,-0.651,1732.3404
7/16/2018,-0.861,1731.6894
7/17/2018,-1.8438,1730.8284
7/16/2018,-1.7934,1728.9846
7/15/2018,-1.6758,1727.1912
7/16/2018,-42.6048,1725.5154
7/16/2018,-74.0628,1682.9106
7/16/2018,-0.8988,1608.8478
7/14/2018,-9.24,1607.949
7/15/2018,-10.122,1598.709
7/15/2018,-12.2724,1588.587
7/14/2018,-44.1,1576.3146
7/14/2018,-1.26,1532.2146
7/15/2018,-18.9,1530.9546
7/13/2018,-28.3248,1512.0546
7/13/2018,-3.906,1483.7298
7/13/2018,-31.1052,1479.8238
7/14/2018,-3.1752,1448.7186
7/13/2018,-0.861,1445.5434
7/13/2018,-1.05,1444.6824
7/12/2018,-1.8438,1443.6324
7/13/2018,-9.8448,1441.7886
7/12/2018,-18.9,1431.9438
7/12/2018,-8.001,1413.0438
7/13/2018,-24.0156,1405.0428
7/12/2018,-3.192,1381.0272
7/12/2018,-0.651,1377.8352
7/12/2018,-3.822,1377.1842
7/12/2018,-0.819,1373.3622
7/12/2018,-5.6742,1372.5432
7/11/2018,-79.8,1366.869
7/11/2018,-2.0118,1287.069
7/11/2018,-4.242,1285.0572
7/11/2018,-0.861,1280.8152
7/11/2018,-0.609,1279.9542
7/11/2018,-0.861,1279.3452
7/11/2018,-88.8846,1278.4842
7/11/2018,-6.93,1189.5996
7/10/2018,-0.861,1182.6696
7/10/2018,-1.05,1181.8086
7/10/2018,-4.62,1180.7586
7/10/2018,-11.5542,1176.1386
7/9/2018,-7.4676,1164.5844
7/9/2018,-2.562,1157.1168
7/9/2018,-0.861,1154.5548
7/8/2018,-6.3,1153.6938
7/9/2018,-4.62,1147.3938
7/8/2018,-2.94,1142.7738
7/9/2018,-5.4768,1139.8338
7/9/2018,-6.1572,1134.357
7/4/2018,-6.804,1128.1998
7/7/2018,-18.795,1121.3958
7/7/2018,-52.5,1102.6008
7/7/2018,-90.4848,1050.1008
7/7/2018,-62.811,959.616
7/6/2018,-3.7464,896.805
7/8/2018,-2.3058,893.0586
7/6/2018,-2.562,890.7528
7/6/2018,-0.861,888.1908
7/6/2018,-0.861,887.3298
7/7/2018,-52.899,886.4688
7/6/2018,-13.4106,833.5698
7/5/2018,-3.3768,820.1592
7/5/2018,-2.562,816.7824
7/5/2018,-0.861,814.2204
7/5/2018,-0.336,813.3594
7/5/2018,-0.861,813.0234
7/5/2018,-0.651,812.1624
7/5/2018,-11.3778,811.5114
7/4/2018,-15.372,800.1336
7/4/2018,-25.2,784.7616
7/5/2018,-109.2462,759.5616
7/4/2018,-52.3572,650.3154
7/3/2018,-1.827,597.9582
7/3/2018,-21.3948,596.1312
7/2/2018,-68.8758,574.7364
7/3/2018,-48.2874,505.8606
7/1/2018,-94.5,457.5732
7/2/2018,-5.8254,363.0732
7/2/2018,-0.861,357.2478
7/2/2018,-0.861,356.3868
7/2/2018,-5.5188,355.5258
6/30/2018,-2.709,350.007
6/30/2018,-29.4,347.298
7/1/2018,-58.59,317.898
6/30/2018,-163.8,259.308
6/30/2018,-19.9164,95.508
6/30/2018,-4.6158,75.5916
7/1/2018,-18.4926,70.9758
6/29/2018,-2.1714,52.4832
6/29/2018,-0.84,50.3118
6/28/2018,-27.3,49.4718
6/28/2018,-12.4068,22.1718
6/28/2018,-0.84,9.765
6/28/2018,-0.315,8.925
6/28/2018,-0.84,8.61
6/30/2018,2555.5068,7.77
6/28/2018,-6.93,2563.2768
6/27/2018,-0.84,2556.3468
6/27/2018,-11.9658,2555.5068
6/27/2018,-25.2756,2543.541
6/28/2018,-29.4,2518.2654
6/26/2018,-27.72,2488.8654
6/26/2018,-3.1458,2461.1454
6/26/2018,-0.84,2457.9996
6/27/2018,-7.4298,2457.1596
6/26/2018,-19.74,2449.7298
6/25/2018,-33.6,2429.9898
6/25/2018,-0.84,2396.3898
6/25/2018,-0.84,2395.5498
6/25/2018,-1.05,2394.7098
6/24/2018,-9.744,2393.6598
6/24/2018,-54.6,2383.9158
6/23/2018,-24.9438,2329.3158
6/23/2018,-1.6758,2304.372
6/24/2018,-6.762,2302.6962
6/22/2018,-77.658,2295.9342
6/23/2018,-13.4988,2218.2762
6/23/2018,-16.5732,2204.7774
6/22/2018,-0.84,2188.2042
6/22/2018,-0.525,2187.3642
6/21/2018,-23.1966,2186.8392
6/22/2018,-16.6488,2163.6426
6/22/2018,-45.549,2146.9938
6/21/2018,-3.3306,2101.4448
6/21/2018,-18.06,2098.1142
6/21/2018,-42.6594,2080.0542
6/21/2018,-44.2092,2037.3948
6/21/2018,-13.44,1993.1856
6/20/2018,-1.47,1979.7456
6/20/2018,-0.84,1978.2756
6/19/2018,-33.6,1977.4356
6/19/2018,-7.3416,1943.8356
6/19/2018,-2.9652,1936.494
6/20/2018,-50.4,1933.5288
6/19/2018,-0.84,1883.1288
6/19/2018,-0.84,1882.2888
6/20/2018,32.3652,1881.4488
6/19/2018,-6.3252,1913.814
6/19/2018,-42,1907.4888
6/18/2018,-0.84,1865.4888
6/18/2018,-0.462,1864.6488
6/18/2018,-0.84,1864.1868
6/18/2018,-1.05,1863.3468
6/18/2018,-26.082,1862.2968
6/18/2018,-46.788,1836.2148
6/17/2018,-3.3894,1789.4268
6/17/2018,-1.8438,1786.0374
6/16/2018,-14.5404,1784.1936
6/16/2018,-478.632,1769.6532
6/16/2018,-101.0436,1291.0212
6/16/2018,-101.0436,1189.9776
6/16/2018,-2.457,1088.934
6/16/2018,-2.457,1086.477
6/16/2018,-161.6118,1084.02
6/15/2018,-1.365,922.4082
6/14/2018,-0.63,921.0432
6/14/2018,-34.86,920.4132
6/13/2018,-1.1508,885.5532
6/12/2018,-28.203,884.4024
6/12/2018,-1.365,856.1994
6/12/2018,-67.2,854.8344
6/11/2018,-0.84,787.6344
6/12/2018,-1.491,786.7944
6/10/2018,-7.917,785.3034
6/11/2018,-4.9476,777.3864
6/10/2018,-35.6076,772.4388
6/9/2018,-16.2582,736.8312
6/10/2018,-1.6758,720.573
6/10/2018,-10.3152,718.8972
6/9/2018,-9.6054,708.582
6/9/2018,-11.634,698.9766
6/8/2018,-27.3168,687.3426
6/9/2018,-4.0698,660.0258
6/8/2018,-2.562,655.956
6/8/2018,-0.84,653.394
6/8/2018,-0.462,652.554
6/8/2018,-0.819,652.092
6/8/2018,-2.94,651.273
6/8/2018,-5.8632,648.333
6/9/2018,-2.772,642.4698
6/9/2018,-3.8052,639.6978
6/7/2018,-2.3898,635.8926
6/7/2018,-1.596,633.5028
6/7/2018,-0.84,631.9068
6/7/2018,-0.462,631.0668
6/7/2018,-0.315,630.6048
6/7/2018,-0.819,630.2898
6/6/2018,-4.0572,629.4708
6/7/2018,-4.5024,625.4136
6/7/2018,-43.26,620.9112
6/6/2018,-3.0996,577.6512
6/6/2018,-8.4,574.5516
6/5/2018,-5.4516,566.1516
6/6/2018,-22.68,560.7
6/6/2018,-19.74,538.02
6/5/2018,-11.55,518.28
6/6/2018,-15.96,506.73
6/5/2018,-1.365,490.77
6/4/2018,-2.2764,489.405
6/4/2018,-1.6548,487.1286
6/4/2018,-26.5776,485.4738
6/3/2018,-52.5,458.8962
6/3/2018,-39.9,406.3962
6/3/2018,-16.8,366.4962
6/2/2018,-20.5968,349.6962
6/2/2018,-7.8414,329.0994
6/3/2018,-1.7514,321.258
6/2/2018,-15.7836,319.5066
6/2/2018,-7.6188,303.723
6/1/2018,32.1174,296.1042
6/1/2018,64.8144,328.2216
6/1/2018,-79.6572,393.036
5/31/2018,-1.617,313.3788
5/31/2018,-0.315,311.7618
5/30/2018,-20.8572,311.4468
5/31/2018,-0.4578,290.5896
5/29/2018,-22.6632,290.1318
5/29/2018,-0.315,267.4686
5/29/2018,-3.7002,267.1536
5/29/2018,-3.3726,263.4534
5/28/2018,-32.1174,260.0808
5/28/2018,-2.9904,227.9634
5/28/2018,-21,224.973
5/28/2018,-8.4,203.973
5/28/2018,-17.0436,195.573
5/29/2018,-54.18,178.5294
5/28/2018,-64.8144,124.3494
5/28/2018,-3.1836,59.535
5/28/2018,-17.199,56.3514
5/26/2018,-20.58,39.1524
5/28/2018,-0.945,18.5724
5/28/2018,-10.6974,17.6274
5/28/2018,-6.93,6.93
5/29/2018,1661.2554,0
5/28/2018,-6.048,1661.2554
5/25/2018,-26.439,1655.2074
5/26/2018,-22.7808,1628.7684
5/28/2018,-29.4,1605.9876
5/26/2018,-21,1576.5876
5/26/2018,-1.7346,1555.5876
5/27/2018,-29.967,1553.853
5/25/2018,-1.827,1523.886
5/24/2018,-28.4634,1522.059
5/24/2018,-1.827,1493.5956
5/23/2018,-5.502,1491.7686
5/22/2018,-28.14,1486.2666
5/22/2018,-54.6,1458.1266
5/22/2018,-0.315,1403.5266
5/20/2018,-12.894,1403.2116
5/19/2018,-6.1152,1390.3176
5/21/2018,-0.315,1384.2024
5/20/2018,-4.347,1383.8874
5/21/2018,-6.783,1379.5404
5/21/2018,-15.8298,1372.7574
5/21/2018,-14.8428,1356.9276
5/21/2018,-12.642,1342.0848
5/21/2018,-20.979,1329.4428
5/21/2018,-50.4,1308.4638
5/20/2018,-19.7568,1258.0638
5/20/2018,-24.0744,1238.307
5/20/2018,-0.42,1214.2326
5/19/2018,-9.6054,1213.8126
5/18/2018,-1.155,1204.2072
5/17/2018,-30.7986,1203.0522
5/17/2018,-0.315,1172.2536
5/17/2018,-0.315,1171.9386
5/16/2018,-3.2676,1171.6236
5/17/2018,-1.8438,1168.356
5/16/2018,-0.945,1166.5122
5/16/2018,-12.4068,1165.5672
5/16/2018,-32.34,1153.1604
5/16/2018,-58.002,1120.8204
5/16/2018,-7.392,1062.8184
5/15/2018,-33.579,1055.4264
5/15/2018,-0.315,1021.8474
5/16/2018,-6.6528,1021.5324
5/14/2018,-5.964,1014.8796
5/13/2018,-20.5044,1008.9156
5/13/2018,-14.0742,988.4112
5/13/2018,-32.0334,974.337
5/13/2018,-33.6,942.3036
5/11/2018,-10.542,908.7036
5/13/2018,-6.1152,898.1616
5/13/2018,-5.775,892.0464
5/10/2018,-20.8152,886.2714
5/11/2018,-14.9016,865.4562
5/11/2018,-7.3752,850.5546
5/10/2018,-0.315,843.1794
5/10/2018,-21.042,842.8644
5/9/2018,-0.63,821.8224
5/9/2018,-0.315,821.1924
5/8/2018,-0.315,820.8774
5/9/2018,-2.94,820.5624
5/7/2018,-10.9872,817.6224
5/7/2018,-14.679,806.6352
5/7/2018,-0.315,791.9562
5/7/2018,-27.8502,791.6412
5/7/2018,-52.5,763.791
5/7/2018,-6.1152,711.291
5/6/2018,-6.5268,705.1758
5/6/2018,-21,698.649
5/6/2018,-3.8262,677.649
5/6/2018,-4.6326,673.8228
5/6/2018,-87.3558,669.1902
5/6/2018,-14.3346,581.8344
5/5/2018,-6.1992,567.4998
5/3/2018,-18.3792,561.3006
5/4/2018,-24.36,542.9214
5/3/2018,-0.63,518.5614
5/3/2018,-0.315,517.9314
5/3/2018,-86.1,517.6164
5/2/2018,-0.84,431.5164
5/3/2018,-29.4,430.6764
5/2/2018,-81.9,401.2764
4/30/2018,-17.6442,319.3764
4/30/2018,-3.0996,301.7322
4/30/2018,-12.2514,298.6326
4/27/2018,-30.5088,286.3812
4/27/2018,-165.3498,255.8724
4/27/2018,71.148,90.5226
4/27/2018,22.1676,161.6706
4/27/2018,-6.3,183.8382
4/27/2018,-16.8,177.5382
4/27/2018,-20.16,160.7382
4/26/2018,-2.499,140.5782
4/28/2018,3360,138.0792
4/26/2018,-8.4,3498.0792
4/26/2018,-4.1664,3489.6792
4/24/2018,-11.34,3485.5128
4/24/2018,-1156.0458,3474.1728
4/23/2018,-0.84,2318.127
4/23/2018,-1.8858,2317.287
4/23/2018,-66.6624,2315.4012
4/22/2018,-5.5566,2248.7388
4/22/2018,-6.342,2243.1822
4/21/2018,-5.5482,2236.8402
4/20/2018,-9.6054,2231.292
4/22/2018,-321.6402,2221.6866
4/22/2018,-4.2504,1900.0464
4/22/2018,-31.7772,1895.796
4/21/2018,-12.894,1864.0188
4/20/2018,-3.9438,1851.1248
4/19/2018,-10.017,1847.181
4/19/2018,-0.84,1837.164
4/18/2018,-31.5,1836.324
4/19/2018,-3.3432,1804.824
4/18/2018,-0.84,1801.4808
4/18/2018,-0.84,1800.6408
4/18/2018,-0.63,1799.8008
4/19/2018,-27.4932,1799.1708
4/17/2018,-23.1168,1771.6776
4/17/2018,-64.7346,1748.5608
4/16/2018,-0.84,1683.8262
4/16/2018,-1.302,1682.9862
4/17/2018,-4.7418,1681.6842
4/16/2018,-4.3512,1676.9424
4/15/2018,-9.66,1672.5912
4/15/2018,-44.1,1662.9312
4/15/2018,-60.1104,1618.8312
4/14/2018,-37.38,1558.7208
4/16/2018,-8.2026,1521.3408
4/14/2018,-3.024,1513.1382
4/14/2018,-4.83,1510.1142
4/13/2018,-6.9174,1505.2842
4/13/2018,-963.5262,1498.3668
4/14/2018,-5.7792,534.8406
4/15/2018,-82.7694,529.0614
4/14/2018,-30.051,446.292
4/16/2018,840,416.241
4/14/2018,-82.6938,1256.241
4/13/2018,-5.9472,1173.5472
4/12/2018,-700.6314,1167.6
4/12/2018,-3.0282,466.9686
4/12/2018,-2.142,463.9404
4/13/2018,-2.9988,461.7984
4/13/2018,-2.3478,458.7996
4/12/2018,-25.41,456.4518
4/12/2018,-40.95,431.0418
4/11/2018,-7.14,390.0918
4/11/2018,-10.5,382.9518
4/11/2018,-2.31,372.4518
4/11/2018,-4.2,370.1418
4/11/2018,-6.3,365.9418
4/12/2018,-15.6954,359.6418
4/11/2018,-89.88,343.9464
4/11/2018,-5.46,254.0664
4/11/2018,-7.875,248.6064
4/10/2018,-29.4,240.7314
4/10/2018,-18.9,211.3314
4/8/2018,-92.0262,192.4314
4/9/2018,-50.4,100.4052
4/10/2018,-17.0772,50.0052
4/10/2018,-16.8,32.928
4/10/2018,-4.2,16.128
4/10/2018,-4.2,11.928
4/11/2018,-7.728,7.728
4/12/2018,1207.4076,0
4/11/2018,-35.7,1207.4076
4/10/2018,-23.52,1171.7076
4/10/2018,-50.4,1148.1876
4/9/2018,-3.4986,1097.7876
4/10/2018,-9.66,1094.289
4/9/2018,-15.5358,1084.629
4/10/2018,-31.08,1069.0932
4/9/2018,-105,1038.0132
4/9/2018,-111.3,933.0132
4/10/2018,-9.177,821.7132
4/10/2018,-8.883,812.5362
4/9/2018,-21,803.6532
4/10/2018,-2.5326,782.6532
4/9/2018,-33.6,780.1206
4/9/2018,-206.871,746.5206
4/8/2018,-12.7008,539.6496
4/7/2018,-15.96,526.9488
4/7/2018,-10.8276,510.9888
4/8/2018,-24.78,500.1612
4/7/2018,-70.5264,475.3812
4/7/2018,-21,404.8548
4/6/2018,-8.4,383.8548
4/7/2018,-17.9466,375.4548
4/7/2018,-5.46,357.5082
4/6/2018,-4.83,352.0482
4/6/2018,-4.83,347.2182
4/6/2018,-14.7,342.3882
4/7/2018,-10.5,327.6882
4/7/2018,-12.2472,317.1882
4/6/2018,-6.7914,304.941
4/7/2018,-4.6872,298.1496
4/7/2018,-4.9266,293.4624
4/6/2018,-21,288.5358
4/5/2018,-6.468,267.5358
4/5/2018,-14.4144,261.0678
4/6/2018,-7.8204,246.6534
4/5/2018,-2.1,238.833
4/5/2018,-14.7,236.733
4/5/2018,-1.197,222.033
4/4/2018,-10.5,220.836
4/5/2018,-1.113,210.336
4/5/2018,-29.4,209.223
4/4/2018,-4.3806,179.823
4/5/2018,-11.3988,175.4424
4/4/2018,-4.2588,164.0436
4/3/2018,-27.279,159.7848
4/3/2018,-38.64,132.5058
4/3/2018,-6.5142,93.8658
4/3/2018,-6.1362,87.3516
4/3/2018,-1.6884,81.2154
4/3/2018,-3.906,79.527
4/2/2018,-2.0958,75.621
4/2/2018,-73.5252,73.5252
4/3/2018,598.6554,0
4/1/2018,-16.401,598.6554
4/1/2018,-13.5576,582.2544
4/1/2018,-9.6306,568.6968
3/31/2018,-15.876,559.0662
3/28/2018,-369.474,543.1902
3/27/2018,-37.4514,173.7162
3/26/2018,-113.274,136.2648
3/26/2018,-22.9908,22.9908
3/27/2018,806.2236,0
3/26/2018,-651.5502,806.2236
3/25/2018,-100.0734,154.6734
3/25/2018,-54.6,54.6
